accuracy,precision_macro,recall_macro,f1_macro,precision_weighted,recall_weighted,f1_weighted,memory_usage,memory_usage_std,memory_usage_single,memory_usage_single_std,inference_time,inference_time_std,inference_time_single,inference_time_single_std,num_samples,num_classes,Car_precision,Car_recall,Car_f1,Pedestrian_precision,Pedestrian_recall,Pedestrian_f1,Cyclist_precision,Cyclist_recall,Cyclist_f1
0.9850292905185507,0.9388084668081524,0.931522066267203,0.9350338085404998,0.9849692184084055,0.9850292905185507,0.9849394643553284,0.005876544827586208,0.0008125991332992938,0.005876544827586208,0.0008125991332992938,0.2926861943869755,0.02731951621419468,0.2926861943869755,0.02731951621419468,4609,3,0.9939329992086521,1.0,0.99695726948009,0.9714285714285714,0.934351145038168,0.9525291828793774,0.851063829787234,0.8602150537634409,0.8556149732620321
