accuracy,precision_macro,recall_macro,f1_macro,precision_weighted,recall_weighted,f1_weighted,memory_usage,memory_usage_std,inference_time,inference_time_std,Car_precision,Car_recall,Car_f1,Pedestrian_precision,Pedestrian_recall,Pedestrian_f1,Cyclist_precision,Cyclist_recall,Cyclist_f1
0.9861141245389455,0.9406241296435565,0.9417658485868287,0.9407935527737541,0.9863401918721487,0.9861141245389455,0.9861109511505274,0.005560703448275863,0.0008028923672799392,0.30021936811249833,0.03910082034223303,0.9941952506596307,1.0,0.9970891770309606,0.9807383627608347,0.932824427480916,0.9561815336463224,0.8469387755102041,0.8924731182795699,0.8691099476439791
