accuracy,precision_macro,recall_macro,f1_macro,precision_weighted,recall_weighted,f1_weighted,memory_usage_total,memory_usage,memory_usage_std,memory_usage_single,memory_usage_single_std,inference_time_total,inference_time,inference_time_std,inference_time_single,inference_time_single_std,num_samples,num_classes,Car_precision,Car_recall,Car_f1,Pedestrian_precision,Pedestrian_recall,Pedestrian_f1,Cyclist_precision,Cyclist_recall,Cyclist_f1
0.9858971577348665,0.9431796630638161,0.9348408985197953,0.9388940560887864,0.9858255631604829,0.9858971577348665,0.9858062064369528,566.141734,195.807022,0.0,195.807022,0.0,66.12378597259521,0.30552099490987844,0.05547341751722617,0.30552099490987844,0.05547341751722617,4609,3,0.9939329992086521,1.0,0.99695726948009,0.9746434231378764,0.9389312977099237,0.9564541213063764,0.8609625668449198,0.8655913978494624,0.8632707774798928
