accuracy,precision_macro,recall_macro,f1_macro,precision_weighted,recall_weighted,f1_weighted,memory_usage,memory_usage_std,memory_usage_single,memory_usage_single_std,inference_time,inference_time_std,inference_time_single,inference_time_single_std,num_samples,num_classes,Car_precision,Car_recall,Car_f1,Pedestrian_precision,Pedestrian_recall,Pedestrian_f1,Cyclist_precision,Cyclist_recall,Cyclist_f1
0.9954436971143416,0.9933565553079932,0.9807509567907529,0.9869725964977546,0.9954353832645335,0.9954436971143416,0.99542070705518,0.004333565517241378,0.0005072568935483467,0.004333565517241378,0.0005072568935483467,0.04427324327929266,0.02090546596000594,0.04427324327929266,0.02090546596000594,4609,3,0.9957705524715834,0.9997346072186837,0.9977486425638988,0.9953488372093023,0.9801526717557252,0.9876923076923076,0.988950276243094,0.9623655913978495,0.9754768392370572
