accuracy,precision_macro,recall_macro,f1_macro,precision_weighted,recall_weighted,f1_weighted,memory_usage,memory_usage_std,inference_time,inference_time_std,num_samples,num_classes,Car_precision,Car_recall,Car_f1,Pedestrian_precision,Pedestrian_recall,Pedestrian_f1,Cyclist_precision,Cyclist_recall,Cyclist_f1
0.9845953569103927,0.9365063166336619,0.9292210457194452,0.9327324706017163,0.9845289831639249,0.9845953569103927,0.9845024698534116,0.005557868965517242,0.0008069294654059356,0.2917090810578445,0.03421827682333005,4609,3,0.9939329992086521,1.0,0.99695726948009,0.9698412698412698,0.932824427480916,0.9509727626459143,0.8457446808510638,0.8548387096774194,0.8502673796791443
