accuracy,precision_macro,recall_macro,f1_macro,precision_weighted,recall_weighted,f1_weighted,memory_usage,memory_usage_std,inference_time,inference_time_std,num_samples,num_classes,Car_precision,Car_recall,Car_f1,Pedestrian_precision,Pedestrian_recall,Pedestrian_f1,Cyclist_precision,Cyclist_recall,Cyclist_f1
0.9960945975265785,0.9945173625823385,0.984844092033851,0.9896343022568942,0.9960958252432283,0.9960945975265785,0.996079699894179,0.004014779310344827,0.000507445699068356,0.04589603029448411,0.0201255877600704,4609,3,0.9960338445267054,0.9997346072186837,0.9978807947019868,0.9984472049689441,0.981679389312977,0.9899923017705927,0.9890710382513661,0.9731182795698925,0.981029810298103
