accuracy,precision_macro,recall_macro,f1_macro,precision_weighted,recall_weighted,f1_weighted,memory_usage,memory_usage_std,inference_time,inference_time_std,Car_precision,Car_recall,Car_f1,Pedestrian_precision,Pedestrian_recall,Pedestrian_f1,Cyclist_precision,Cyclist_recall,Cyclist_f1
0.9960945975265785,0.9945173625823385,0.984844092033851,0.9896343022568942,0.9960958252432283,0.9960945975265785,0.996079699894179,0.004030275862068965,0.0005520074522580241,0.047140856446891,0.020296935716796628,0.9960338445267054,0.9997346072186837,0.9978807947019868,0.9984472049689441,0.981679389312977,0.9899923017705927,0.9890710382513661,0.9731182795698925,0.981029810298103
