accuracy,precision_macro,recall_macro,f1_macro,precision_weighted,recall_weighted,f1_weighted,memory_usage_total,memory_usage,memory_usage_std,memory_usage_single,memory_usage_single_std,inference_time_total,inference_time,inference_time_std,inference_time_single,inference_time_single_std,num_samples,num_classes,Car_precision,Car_recall,Car_f1,Pedestrian_precision,Pedestrian_recall,Pedestrian_f1,Cyclist_precision,Cyclist_recall,Cyclist_f1
0.9958776307224995,0.9944287935898686,0.9843351861814339,0.9893308761722851,0.9958802326552919,0.9958776307224995,0.9958610793990338,566.165118,195.80707400000003,2.842170943040401e-14,195.80707400000003,2.842170943040401e-14,30.4870867729187,0.07167466919997643,0.03337156572805312,0.07167466919997643,0.03337156572805312,4609,3,0.9957705524715834,0.9997346072186837,0.9977486425638988,0.9984447900466563,0.9801526717557252,0.9892141756548536,0.9890710382513661,0.9731182795698925,0.981029810298103
